"trt","growth"
"control",20.784648720446
"control",21.6724836057287
"control",20.5105578846318
"control",19.4562324478386
"ab1",3.38755720213364
"ab1",3.24163823570866
"ab1",2.87755702920552
"ab1",6.93221856149109
"ab2",21.0446506893931
"ab2",17.6269490463632
"ab2",16.6347888726587
"ab2",14.7760705684749
"ab3",13.283148902972
"ab3",8.41455086015652
"ab3",6.97355411334009
"ab3",4.6747948079603
